{
  "content": [
    {
      "path": "ContentInfo/pianoman-helicopter-navdata-norway/ContentHistory.json",
      "size": 324,
      "date": 133498034008842014
    },
    {
      "path": "ContentInfo/pianoman-helicopter-navdata-norway/Thumbnail.jpg",
      "size": 5446,
      "date": 133426259517472178
    },
    {
      "path": "Scenery/helicopter-navdata-norway/ENBR/ENBR.bgl",
      "size": 6859,
      "date": 133465535202091689
    },
    {
      "path": "Scenery/helicopter-navdata-norway/ENTX/ENTX.bgl",
      "size": 1682,
      "date": 133498034008806864
    },
    {
      "path": "Scenery/helicopter-navdata-norway/ENZV/ENZV.bgl",
      "size": 10719,
      "date": 133465535202350979
    }
  ]
}