<?xml version="1.0"?>
<FSData version="9.0">
	<Airport displayName="Flesland" groupID="4294967295" groupGenerated="FALSE" name="Flesland" ident="ENBR" lat="60.29361113905907" lon="5.21805569529533" alt="47.70100402832031" magvar="0.000000" trafficScalar="1.000000" airportTestRadius="2000.00000000000000" applyFlatten="FALSE" isOnTIN="FALSE" tinColorCorrection="TRUE">
	<Waypoint lat="60.3814" lon="5.1885" magvar="357.6" waypointType="UNNAMED" waypointRegion="EN" waypointIdent="FF17Y"/>
	<Waypoint lat="60.3322" lon="5.2051" magvar="357.6" waypointType="UNNAMED" waypointRegion="EN" waypointIdent="19LOC"/>
	<Waypoint lat="60.2463" lon="5.2339" magvar="357.6" waypointType="UNNAMED" waypointRegion="EN" waypointIdent="24LOC"/>
	<Waypoint lat="60.2741" lon="5.2246" magvar="357.6" waypointType="UNNAMED" waypointRegion="EN" waypointIdent="ML35Y"/>
	<Waypoint lat="60.24049" lon="5.15909" magvar="357.6" waypointType="UNNAMED" waypointRegion="EN" waypointIdent="22NM"/>
	<Waypoint lat="60.26681" lon="5.21009" magvar="357.6" waypointType="NAMED" waypointRegion="EN" waypointIdent="BR710"/>
	<Waypoint lat="60.22066" lon="5.12092" magvar="357.6" waypointType="NAMED" waypointRegion="EN" waypointIdent="BR711"/>
	<Waypoint lat="60.42755" lon="4.97237" magvar="358.1" waypointType="NAMED" waypointRegion="EN" waypointIdent="BR715"/>
	<Waypoint lat="60.33813" lon="5.1708" magvar="357.6" waypointType="UNNAMED" waypointRegion="EN" waypointIdent="13NM"/>
	<Waypoint lat="60.32144" lon="5.19851" magvar="357.6" waypointType="NAMED" waypointRegion="EN" waypointIdent="BR810"/>
	<Waypoint lat="60.36889" lon="5.11955" magvar="357.6" waypointType="NAMED" waypointRegion="EN" waypointIdent="BR812"/>
	<Waypoint lat="60.37318" lon="4.85098" magvar="358.1" waypointType="NAMED" waypointRegion="EN" waypointIdent="BR919"/>
	<Waypoint lat="60.20515" lon="5.0687" magvar="357.5" waypointType="NAMED" waypointRegion="EN" waypointIdent="BR920"/>
	<Approach type="RNAV" fixType="TERMINAL_WAYPOINT" fixRegion="EN" fixIdent="BR711" altitude="2000.0F" heading="043.0" missedAltitude="2000.0F" lnav="TRUE" lnavvnav="FALSE" lpv="FALSE" lp="FALSE">
		<ApproachLegs>
			<Leg type="IF" fixType="TERMINAL_WAYPOINT" fixRegion="EN" fixIdent="BR711" altitudeDescriptor="+" altitude1="2000.0F"/>		
			<Leg type="TF" fixType="TERMINAL_WAYPOINT" fixRegion="EN" fixIdent="22NM" recommendedType="TERMINAL_WAYPOINT" recommendedRegion="EN" recommendedIdent="BR710" theta="223.0" rho="2.2N" magneticCourse="043.0" distance="1.7N" altitudeDescriptor="V" altitude1="1320.0F" altitude2="1320.0F" verticalAngle="-3.9"/>		
			<Leg type="TF" fixType="TERMINAL_WAYPOINT" fixRegion="EN" fixIdent="BR710" flyOver="TRUE" magneticCourse="043.0" distance="2.2N" altitudeDescriptor="A" altitude1="420.0F" verticalAngle="-3.9"/>
		</ApproachLegs>
		<MissedApproachLegs>
			<Leg type="FA" fixType="TERMINAL_WAYPOINT" fixRegion="EN" fixIdent="BR710" recommendedType="VOR" recommendedRegion="EN" recommendedIdent="FLS" theta="160.0" rho="2.1N" magneticCourse="043.0" altitudeDescriptor="+" altitude1="680.0F"/>
			<Leg type="CF" fixType="TERMINAL_WAYPOINT" fixRegion="EN" fixIdent="BR715" flyOver="FALSE" turnDirection="L" recommendedType="VOR" recommendedRegion="EN" recommendedIdent="FLS" theta="105.0" rho="0.7N" magneticCourse="314.0" distance="11.8N" altitudeDescriptor="A" altitude1="2000.0F"/>
		</MissedApproachLegs>
		<Transition transitionType="FULL" fixType="TERMINAL_WAYPOINT" fixRegion="EN" fixIdent="ELMEG" altitude="2000.0F">
			<TransitionLegs>
				<Leg type="IF" fixType="TERMINAL_WAYPOINT" fixRegion="EN" fixIdent="ELMEG" altitudeDescriptor="+" altitude1="2000.0F"/>
				<Leg type="TF" fixType="TERMINAL_WAYPOINT" fixRegion="EN" fixIdent="BR711" magneticCourse="103.0" distance="4.7N" altitudeDescriptor="+" altitude1="2000.0F"/>
			</TransitionLegs>
		</Transition>
		<Transition transitionType="FULL" fixType="TERMINAL_WAYPOINT" fixRegion="EN" fixIdent="VIKSO" altitude="2100.0F">
			<TransitionLegs>
			<Leg type="IF" fixType="TERMINAL_WAYPOINT" fixRegion="EN" fixIdent="VIKSO" altitudeDescriptor="+" altitude1="2100.0F"/>
			<Leg type="TF" fixType="TERMINAL_WAYPOINT" fixRegion="EN" fixIdent="MOMUX" magneticCourse="043.0" distance="1.6" altitudeDescriptor="+" altitude1="2100.0F"/>
			<Leg type="TF" fixType="TERMINAL_WAYPOINT" fixRegion="EN" fixIdent="BR711" magneticCourse="043.0" distance="2.0" altitudeDescriptor="+" altitude1="2000.0F"/>
			</TransitionLegs>
		</Transition>
	</Approach>
	<Approach type="RNAV" fixType="TERMINAL_WAYPOINT" fixRegion="EN" fixIdent="BR812" altitude="2000.0F" heading="139.0" missedAltitude="2000.0F" lnav="TRUE" lnavvnav="FALSE" lpv="FALSE" lp="FALSE">
		<ApproachLegs>	
			<Leg type="IF" fixType="TERMINAL_WAYPOINT" fixRegion="EN" fixIdent="VENIN" altitudeDescriptor="+" altitude1="2000F"/>
			<Leg type="TF" fixType="TERMINAL_WAYPOINT" fixRegion="EN" fixIdent="BR812" magneticCourse="139.0" distance="5.3N" altitudeDescriptor="+" altitude1="2000.0F"/>
			<Leg type="TF" fixType="TERMINAL_WAYPOINT" fixRegion="EN" fixIdent="13NM" recommendedType="TERMINAL_WAYPOINT" recommendedRegion="EN" recommendedIdent="BR810" theta="319.0" rho="1.3N" magneticCourse="139.0" distance="2.4N" altitudeDescriptor="V" altitude1="1010.0F" altitude2="660.0F" verticalAngle="-3.9"/>
			<Leg type="TF" fixType="TERMINAL_WAYPOINT" fixRegion="EN" fixIdent="BR810" flyOver="TRUE" magneticCourse="139.0" distance="1.3N" altitudeDescriptor="A" altitude1="480.0F" verticalAngle="-3.9"/>
		</ApproachLegs>
		<MissedApproachLegs>
			<Leg type="TF" fixType="TERMINAL_WAYPOINT" fixRegion="EN" fixIdent="BR920" turnDirection="R" flyOver="TRUE" magneticCourse="208.0" distance="8.0N"/>
			<Leg type="DF" fixType="TERMINAL_WAYPOINT" fixRegion="EN" fixIdent="BR919" turnDirection="R" flyOver="FALSE"/>
			<Leg type="TF" fixType="TERMINAL_WAYPOINT" fixRegion="EN" fixIdent="VENIN" turnDirection="R" magneticCourse="049.0" distance="6.0N" altitudeDescriptor="A" altitude1="2000.0F"/>
		</MissedApproachLegs>
	</Approach>
	<Approach type="ILS" runway="17" suffix="Y" fixType="TERMINAL_WAYPOINT" fixRegion="EN" fixIdent="FF17Y" altitude="1700.0F" heading="170.0" missedAltitude="2100.0F">
		<ApproachLegs>
			<Leg type="IF" fixType="TERMINAL_WAYPOINT" fixRegion="EN" fixIdent="BAPKI" recommendedType="LOCALIZER" recommendedRegion="EN" recommendedIdent="BR" theta="350.0" rho="8.8N" altitudeDescriptor="J" altitude1="2000.0F" altitude2="1700.0F" speedLimit="100"/>			
			<Leg type="CF" fixType="TERMINAL_WAYPOINT" fixRegion="EN" fixIdent="FF17Y" flyOver="FALSE" recommendedType="LOCALIZER" recommendedRegion="EN" recommendedIdent="BR" theta="350.0" rho="6.3N" magneticCourse="170.0" distance="2.6N" altitudeDescriptor="H" altitude1="1700.0F" altitude2="1700.0F" verticalAngle="-3.0"/>
            <Leg type="CF" fixType="RUNWAY" fixRegion="EN" fixIdent="RW17" flyOver="TRUE" recommendedType="LOCALIZER" recommendedRegion="EN" recommendedIdent="BR" theta="350.0" rho="1.6N" magneticCourse="170.0" distance="4.7N" altitudeDescriptor="A" altitude1="218.0F" verticalAngle="-3.0"/>
		</ApproachLegs>
		<MissedApproachLegs>
			<Leg type="CF" fixType="TERMINAL_WAYPOINT" fixRegion="EN" fixIdent="BR02" flyOver="FALSE" recommendedType="LOCALIZER" recommendedRegion="EN" recommendedIdent="BR" theta="170.0" rho="0.6N" magneticCourse="170.0" distance="2.8N"/>
			<Leg type="CD" turnDirection="R" recommendedType="LOCALIZER" recommendedRegion="EN" recommendedIdent="BR" magneticCourse="203.0" distance="7.0N"/>
			<Leg type="AF" fixType="TERMINAL_WAYPOINT" fixRegion="EN" fixIdent="BAPKI" turnDirection="R" recommendedType="LOCALIZER" recommendedRegion="EN" recommendedIdent="BR" theta="350.0" rho="8.0N" magneticCourse="203.0" altitudeDescriptor="A" altitude1="2100.0F"/>
		</MissedApproachLegs>
		<Transition transitionType="FULL" fixType="TERMINAL_WAYPOINT" fixRegion="EN" fixIdent="VENIN" altitude="2000.0F">
			<TransitionLegs>
				<Leg type="IF" fixType="TERMINAL_WAYPOINT" fixRegion="EN" fixIdent="VENIN"/>
				<Leg type="TF" fixType="TERMINAL_WAYPOINT" fixRegion="EN" fixIdent="BAPKI" magneticCourse="099.0" distance="5.1N" altitudeDescriptor="+" altitude1="2000.0F"/>	
			</TransitionLegs>
		</Transition>
	</Approach>
	<Approach type="LOCALIZER" runway="17" suffix="Y" fixType="TERMINAL_WAYPOINT" fixRegion="EN" fixIdent="FF17Y" altitude="1700.0F" heading="170.0" missedAltitude="2100.0F">
		<ApproachLegs>
			<Leg type="IF" fixType="TERMINAL_WAYPOINT" fixRegion="EN" fixIdent="BAPKI" recommendedType="LOCALIZER" recommendedRegion="EN" recommendedIdent="BR" theta="350.0" rho="8.8N" altitudeDescriptor="+" altitude1="2000.0F" speedLimit="100"/>			
			<Leg type="CF" fixType="TERMINAL_WAYPOINT" fixRegion="EN" fixIdent="FF17Y" flyOver="FALSE" recommendedType="LOCALIZER" recommendedRegion="EN" recommendedIdent="BR" theta="349.0" rho="6.3N" magneticCourse="169.0" distance="2.6N" altitudeDescriptor="+" altitude1="1700.0F"/>
            <Leg type="CF" fixType="TERMINAL_WAYPOINT" fixRegion="EN" fixIdent="19LOC" flyOver="FALSE" recommendedType="LOCALIZER" recommendedRegion="EN" recommendedIdent="BR" theta="350.0" rho="3.3N" magneticCourse="170.0" distance="2.2N" altitudeDescriptor="V" altitude1="750.0F" altitude2="750.0F" verticalAngle="-3.0"/>
            <Leg type="CF" fixType="TERMINAL_WAYPOINT" fixRegion="EN" fixIdent="ML17" flyOver="TRUE" recommendedType="LOCALIZER" recommendedRegion="EN" recommendedIdent="BR" theta="350.0" rho="2.2N" magneticCourse="170.0" distance="1.1N" altitudeDescriptor="A" altitude1="406.0F" verticalAngle="-3.0"/>
		</ApproachLegs>
		<MissedApproachLegs>
			<Leg type="CF" fixType="TERMINAL_WAYPOINT" fixRegion="EN" fixIdent="BR02" flyOver="FALSE" recommendedType="LOCALIZER" recommendedRegion="EN" recommendedIdent="BR" theta="170.0" rho="0.6N" magneticCourse="170.0" distance="2.2N"/>
			<Leg type="CD" turnDirection="R" recommendedType="LOCALIZER" recommendedRegion="EN" recommendedIdent="BR" magneticCourse="203.0" distance="7.0N"/>
			<Leg type="AF" fixType="TERMINAL_WAYPOINT" fixRegion="EN" fixIdent="BAPKI" turnDirection="R" recommendedType="LOCALIZER" recommendedRegion="EN" recommendedIdent="BR" theta="350.0" rho="8.0N" magneticCourse="203.0" altitudeDescriptor="A" altitude1="2100.0F"/>
		</MissedApproachLegs>
		<Transition transitionType="FULL" fixType="TERMINAL_WAYPOINT" fixRegion="EN" fixIdent="VENIN" altitude="2000.0F">
			<TransitionLegs>
				<Leg type="IF" fixType="TERMINAL_WAYPOINT" fixRegion="EN" fixIdent="VENIN"/>
				<Leg type="TF" fixType="TERMINAL_WAYPOINT" fixRegion="EN" fixIdent="BAPKI" magneticCourse="099.0" distance="5.1N" altitudeDescriptor="+" altitude1="2000.0F"/>	
			</TransitionLegs>
		</Transition>
	</Approach>
	<Approach type="ILS" runway="35" suffix="Y" fixType="TERMINAL_WAYPOINT" fixRegion="EN" fixIdent="AMPOR" altitude="1200.0F" heading="350.0" missedAltitude="2100.0F">
		<ApproachLegs>
			<Leg type="IF" fixType="TERMINAL_WAYPOINT" fixRegion="EN" fixIdent="TIMTA" recommendedType="LOCALIZER" recommendedRegion="EN" recommendedIdent="BG" theta="170.0" rho="7.5N" altitudeDescriptor="J" altitude1="1600.0F" altitude2="1200.0F"/>			
			<Leg type="CF" fixType="TERMINAL_WAYPOINT" fixRegion="EN" fixIdent="AMPOR" flyOver="FALSE" recommendedType="LOCALIZER" recommendedRegion="EN" recommendedIdent="BG" theta="170.0" rho="4.7N" magneticCourse="350.0" distance="2.8N" altitudeDescriptor="H" altitude1="1200.0F" altitude2="1200.0F" verticalAngle="-3.0"/>
            <Leg type="CF" fixType="RUNWAY" fixRegion="EN" fixIdent="RW35" flyOver="TRUE" recommendedType="LOCALIZER" recommendedRegion="EN" recommendedIdent="BG" theta="170.0" rho="1.6N" magneticCourse="350.0" distance="3.2N" altitudeDescriptor="A" altitude1="202.0F" verticalAngle="-3.0"/>
		</ApproachLegs>
		<MissedApproachLegs>
			<Leg type="CF" fixType="TERMINAL_WAYPOINT" fixRegion="EN" fixIdent="16BG" flyOver="FALSE" recommendedType="LOCALIZER" recommendedRegion="EN" recommendedIdent="BG" theta="350.0" rho="0.2N" magneticCourse="350.0" distance="1.8N"/>
			<Leg type="CD" turnDirection="L" recommendedType="LOCALIZER" recommendedRegion="EN" recommendedIdent="BG" magneticCourse="320.0" distance="7.0N"/>
			<Leg type="AF" fixType="TERMINAL_WAYPOINT" fixRegion="EN" fixIdent="TIMTA" turnDirection="L" recommendedType="LOCALIZER" recommendedRegion="EN" recommendedIdent="BG" theta="170.0" rho="8.0N" magneticCourse="320.0" altitudeDescriptor="A" altitude1="2100.0F"/>
		</MissedApproachLegs>
		<Transition transitionType="FULL" fixType="TERMINAL_WAYPOINT" fixRegion="EN" fixIdent="UPEPI" altitude="1600.0F">
			<TransitionLegs>
				<Leg type="IF" fixType="TERMINAL_WAYPOINT" fixRegion="EN" fixIdent="UPEPI"/>
				<Leg type="TF" fixType="TERMINAL_WAYPOINT" fixRegion="EN" fixIdent="TIMTA" magneticCourse="069.0" distance="5.5N" altitudeDescriptor="+" altitude1="1600.0F"/>	
			</TransitionLegs>
		</Transition>
	</Approach>
	<Approach type="LOCALIZER" runway="35" suffix="Y" fixType="TERMINAL_WAYPOINT" fixRegion="EN" fixIdent="AMPOR" altitude="1200.0F" heading="350.0" missedAltitude="2100.0F">
		<ApproachLegs>
			<Leg type="IF" fixType="TERMINAL_WAYPOINT" fixRegion="EN" fixIdent="TIMTA" recommendedType="LOCALIZER" recommendedRegion="EN" recommendedIdent="BG" theta="170.0" rho="7.5N" altitudeDescriptor="+" altitude1="1600.0F"/>			
			<Leg type="CF" fixType="TERMINAL_WAYPOINT" fixRegion="EN" fixIdent="AMPOR" flyOver="FALSE" recommendedType="LOCALIZER" recommendedRegion="EN" recommendedIdent="BG" theta="170.0" rho="4.7N" magneticCourse="350.0" distance="2.8N" altitudeDescriptor="+" altitude1="1200.0F"/>
            <Leg type="CF" fixType="TERMINAL_WAYPOINT" fixRegion="EN" fixIdent="24LOC" flyOver="FALSE" recommendedType="LOCALIZER" recommendedRegion="EN" recommendedIdent="BG" theta="170.0" rho="3.8N" magneticCourse="350.0" distance="0.7N" altitudeDescriptor="V" altitude1="910.0F" altitude2="860.0F" verticalAngle="-3.0"/>
            <Leg type="CF" fixType="TERMINAL_WAYPOINT" fixRegion="EN" fixIdent="ML35Y" flyOver="TRUE" recommendedType="LOCALIZER" recommendedRegion="EN" recommendedIdent="BG" theta="170.0" rho="2.1N" magneticCourse="350.0" distance="1.7N" altitudeDescriptor="A" altitude1="364.0F" verticalAngle="-3.0"/>
		</ApproachLegs>
	<MissedApproachLegs>
			<Leg type="CF" fixType="TERMINAL_WAYPOINT" fixRegion="EN" fixIdent="16BG" flyOver="FALSE" recommendedType="LOCALIZER" recommendedRegion="EN" recommendedIdent="BG" theta="350.0" rho="0.2N" magneticCourse="350.0" distance="2.3N"/>
			<Leg type="CD" turnDirection="L" recommendedType="LOCALIZER" recommendedRegion="EN" recommendedIdent="BG" magneticCourse="320.0" distance="7.0N"/>
			<Leg type="AF" fixType="TERMINAL_WAYPOINT" fixRegion="EN" fixIdent="TIMTA" turnDirection="L" recommendedType="LOCALIZER" recommendedRegion="EN" recommendedIdent="BG" theta="170.0" rho="8.0N" magneticCourse="320.0" altitudeDescriptor="A" altitude1="2100.0F"/>
		</MissedApproachLegs>
		<Transition transitionType="FULL" fixType="TERMINAL_WAYPOINT" fixRegion="EN" fixIdent="UPEPI" altitude="1600.0F">
			<TransitionLegs>
				<Leg type="IF" fixType="TERMINAL_WAYPOINT" fixRegion="EN" fixIdent="UPEPI"/>
				<Leg type="TF" fixType="TERMINAL_WAYPOINT" fixRegion="EN" fixIdent="TIMTA" magneticCourse="069.0" distance="5.5N" altitudeDescriptor="+" altitude1="1600.0F"/>	
			</TransitionLegs>
		</Transition>
	</Approach>
	<Arrival name="KOXA1N">
		<EnrouteTransitions/>
		<CommonRouteLegs/>
		<RunwayTransitions>
			<RunwayTransitionLegs number="17" designator="NONE">
				<Leg type="IF" fixType="TERMINAL_WAYPOINT" fixRegion="EN" fixIdent="KOXAT"/>
				<Leg type="TF" fixType="TERMINAL_WAYPOINT" fixRegion="EN" fixIdent="ORTIV" magneticCourse="106.0" distance="8.3N"/>
				<Leg type="TF" fixType="TERMINAL_WAYPOINT" fixRegion="EN" fixIdent="BR451" magneticCourse="180.0" distance="3.3N"/>
				<Leg type="TF" fixType="TERMINAL_WAYPOINT" fixRegion="EN" fixIdent="BR450" magneticCourse="149.0" distance="3.3N"/>
				<Leg type="TF" fixType="TERMINAL_WAYPOINT" fixRegion="EN" fixIdent="VENIN" turnDirection="L" magneticCourse="043.0" distance="6.0N" altitudeDescriptor="+" altitude1="2000.0F"/>
			</RunwayTransitionLegs>
		</RunwayTransitions>
	</Arrival>
	<Arrival name="OXEB1P">
		<EnrouteTransitions/>
		<CommonRouteLegs/>
		<RunwayTransitions>
			<RunwayTransitionLegs number="35" designator="NONE">
				<Leg type="IF" fixType="TERMINAL_WAYPOINT" fixRegion="EN" fixIdent="OXEBU"/>
				<Leg type="TF" fixType="TERMINAL_WAYPOINT" fixRegion="EN" fixIdent="BR553" magneticCourse="113.0" distance="6.1N"/>
				<Leg type="TF" fixType="TERMINAL_WAYPOINT" fixRegion="EN" fixIdent="BR552" magneticCourse="164.0" distance="10.2N"/>
				<Leg type="TF" fixType="TERMINAL_WAYPOINT" fixRegion="EN" fixIdent="NISOV" magneticCourse="082.0" distance="3.0N"/>
				<Leg type="TF" fixType="TERMINAL_WAYPOINT" fixRegion="EN" fixIdent="BR551" magneticCourse="008.0" distance="3.3N"/>
				<Leg type="TF" fixType="TERMINAL_WAYPOINT" fixRegion="EN" fixIdent="ELMEG" magneticCourse="039.0" distance="3.3N"/>
				<Leg type="TF" fixType="TERMINAL_WAYPOINT" fixRegion="EN" fixIdent="UPEPI" turnDirection="R" magneticCourse="145.0" distance="6.0N" altitudeDescriptor="+" altitude1="2000.0F"/>
			</RunwayTransitionLegs>
		</RunwayTransitions>
	</Arrival>
	<Departure name="ADAD2C">
		<RunwayTransitions>
			<RunwayTransitionLegs number="17" designator="NONE">
				<Leg type="CA" magneticCourse="170.0" altitudeDescriptor="+" altitude1="500.0F"/>
				<Leg type="CF" fixType="TERMINAL_WAYPOINT" fixRegion="EN" fixIdent="BR815" flyOver="TRUE" turnDirection="R" recommendedType="WAYPOINT" recommendedRegion="EN" recommendedIdent="TX510" theta="0.0" rho="0" magneticCourse="0.0" distance="0.5N"/>
				<Leg type="TF" fixType="TERMINAL_WAYPOINT" fixRegion="EN" fixIdent="AKOVO" magneticCourse="262.0" distance="3.5N"/>
				<Leg type="TF" fixType="TERMINAL_WAYPOINT" fixRegion="EN" fixIdent="IPLUT" magneticCourse="305.0" distance="5.0N"/>
				<Leg type="TF" fixType="TERMINAL_WAYPOINT" fixRegion="EN" fixIdent="ADADI" magneticCourse="304.0" distance="10.5N" altitudeDescriptor="+" altitude1="2000.0F"/>
			</RunwayTransitionLegs>
		</RunwayTransitions>
		<CommonRouteLegs/>
		<EnrouteTransitions/>
	</Departure>
	<Departure name="ADAD2D">
		<RunwayTransitions>
			<RunwayTransitionLegs number="35" designator="NONE">
				<Leg type="CA" magneticCourse="350.0" altitudeDescriptor="+" altitude1="500.0F"/>
				<Leg type="DF" fixType="TERMINAL_WAYPOINT" fixRegion="EN" fixIdent="BR510" flyOver="FALSE" turnDirection="L" speedLimit="90"/>
				<Leg type="TF" fixType="TERMINAL_WAYPOINT" fixRegion="EN" fixIdent="USDAC" magneticCourse="292.0" distance="6.9N"/>
				<Leg type="TF" fixType="TERMINAL_WAYPOINT" fixRegion="EN" fixIdent="ADADI" magneticCourse="276.0" distance="8.4N" altitudeDescriptor="+" altitude1="2000.0F"/>
			</RunwayTransitionLegs>
		</RunwayTransitions>
		<CommonRouteLegs/>
		<EnrouteTransitions/>
	</Departure>
	</Airport>
</FSData>