<?xml version="1.0" encoding="utf-8"?>
<Project Version="2" Name="pianoman-helicopter-navdata-norway" FolderName="Packages" PublishingGroupFolderName="PublishingGroupsContent" MetadataFolderName="PackagesMetadata" PublishingGroupMetadataFolderName="PublishingGroupsMetadata">
	<OutputDirectory>.</OutputDirectory>
	<TemporaryOutputDirectory>_PackageInt</TemporaryOutputDirectory>
	<PublishingGroupTemporaryOutputDirectory>_PublishingGroupInt</PublishingGroupTemporaryOutputDirectory>
	<Packages>
		<Package>PackageDefinitions\pianoman-helicopter-navdata-norway.xml</Package>
	</Packages>
	<PublishingGroups/>
</Project>

