<?xml version="1.0"?>
<FSData version="9.0">
	<Airport displayName="Helikopterplass for beredskapssenter, Taraldrud" groupID="4294967295" groupGenerated="FALSE" name="Helikopterplass for beredskapssenter, Taraldrud" ident="ENTX" lat="59.80388604104519" lon="10.84038823843002" alt="150.44100952148438" magvar="0.000000" trafficScalar="1.000000" airportTestRadius="2000.00000000000000" applyFlatten="FALSE" isOnTIN="FALSE" tinColorCorrection="TRUE">
	<Waypoint lat="59.813543" lon="10.834059" magvar="355.4" waypointType="NAMED" waypointRegion="EN" waypointIdent="TX400"/>
	<Waypoint lat="59.845813" lon="10.818618" magvar="355.4" waypointType="NAMED" waypointRegion="EN" waypointIdent="TX401"/>
	<Waypoint lat="59.889442" lon="10.797689" magvar="355.4" waypointType="NAMED" waypointRegion="EN" waypointIdent="TX402"/>
	<Waypoint lat="59.899163" lon="10.878106" magvar="355.4" waypointType="NAMED" waypointRegion="EN" waypointIdent="TX403"/>
	<Waypoint lat="59.877712" lon="10.701252" magvar="355.4" waypointType="NAMED" waypointRegion="EN" waypointIdent="TX404"/>
	<Waypoint lat="59.787684" lon="10.846410" magvar="355.4" waypointType="NAMED" waypointRegion="EN" waypointIdent="TX405"/>
	<Waypoint lat="59.992113" lon="10.345149" magvar="355.4" waypointType="NAMED" waypointRegion="EN" waypointIdent="TX406"/>
	<Waypoint lat="59.937917" lon="10.774369" magvar="355.4" waypointType="NAMED" waypointRegion="EN" waypointIdent="TX407"/>
	<Waypoint lat="59.900983" lon="10.520317" magvar="355.4" waypointType="NAMED" waypointRegion="EN" waypointIdent="UHT02"/>
	<Waypoint lat="59.824434" lon="10.547236" magvar="355.4" waypointType="NAMED" waypointRegion="EN" waypointIdent="UH530"/>
	<Waypoint lat="59.916794" lon="10.935056" magvar="355.4" waypointType="NAMED" waypointRegion="EN" waypointIdent="UH400"/>
	<Waypoint lat="59.867839" lon="10.916133" magvar="355.4" waypointType="NAMED" waypointRegion="EN" waypointIdent="VAGGI"/>
	<Waypoint lat="59.794911" lon="10.840658" magvar="355.4" waypointType="NAMED" waypointRegion="EN" waypointIdent="TX410"/>
	<Waypoint lat="59.756560" lon="10.836825" magvar="355.4" waypointType="NAMED" waypointRegion="EN" waypointIdent="TX411"/>
	<Waypoint lat="59.710073" lon="10.832191" magvar="355.4" waypointType="NAMED" waypointRegion="EN" waypointIdent="TX412"/>
	<Waypoint lat="59.707434" lon="10.930775" magvar="355.4" waypointType="NAMED" waypointRegion="EN" waypointIdent="TX413"/>
	<Waypoint lat="59.712641" lon="10.733620" magvar="355.4" waypointType="NAMED" waypointRegion="EN" waypointIdent="TX414"/>
	<Waypoint lat="59.825209" lon="10.843689" magvar="355.4" waypointType="NAMED" waypointRegion="EN" waypointIdent="TX415"/>
	<Waypoint lat="59.828261" lon="10.824699" magvar="355.4" waypointType="NAMED" waypointRegion="EN" waypointIdent="TX500"/>
	<Waypoint lat="59.780312" lon="10.839189" magvar="355.4" waypointType="NAMED" waypointRegion="EN" waypointIdent="TX510"/>
	<Waypoint lat="59.765655" lon="10.837736" magvar="355.4" waypointType="NAMED" waypointRegion="EN" waypointIdent="TX511"/>
	<Waypoint lat="59.747777" lon="10.835936" magvar="355.4" waypointType="NAMED" waypointRegion="EN" waypointIdent="TX512"/>
	<Waypoint lat="59.796720" lon="10.841674" magvar="355.4" waypointType="NAMED" waypointRegion="EN" waypointIdent="TX600"/>
	<Waypoint lat="59.821594" lon="10.838220" magvar="355.4" waypointType="NAMED" waypointRegion="EN" waypointIdent="TX601"/>
	<Waypoint lat="59.771823" lon="10.845127" magvar="355.4" waypointType="NAMED" waypointRegion="EN" waypointIdent="TX610"/>
	<Waypoint lat="59.773151" lon="10.882944" magvar="355.4" waypointType="NAMED" waypointRegion="EN" waypointIdent="TX615"/>
	<Waypoint lat="59.774466" lon="10.920759" magvar="355.4" waypointType="NAMED" waypointRegion="EN" waypointIdent="TX620"/>
	<Waypoint lat="59.799340" lon="10.917307" magvar="355.4" waypointType="NAMED" waypointRegion="EN" waypointIdent="TX630"/>
	</Airport>
</FSData>

